,0,1,2,3,4,5,6,7,8,9,10,11,12,13,14,15,16,17,18,19,20,21,22,23,24,25,26,27,28,29,30,31,32,33,34,35,36,37,38,39,40,41,42,43,44,45,46,47,48,49,50,51,52,53,54,55,56,57,58,59,60,61,62,63,64,65,66,67,68,69,70,71,72,73,74,75,76,77,78,79,80,81,82,83,84,85,86,87,88,89,90,91,92,93,94,95
0,179,151.5,131.5,110,90,82,70.5,64,56,47,47.5,42,36,36,39,40,33.5,39,54,63,83,132.5,171.5,225,320.5,389,502.5,755.5,940.5,1000,990,1197,1638.5,1854.5,1942,1966,1906.5,1769.5,1636.5,1607,1609,1521,1479.5,1505.5,1521,1474,1457,1468.5,1497,1430,1426,1435,1488.5,1486,1489.5,1436,1424.5,1381,1466.5,1475,1464.5,1359,1359,1472,1560.5,1522,1628.5,1683.5,1744,1731,1820.5,1827,1850,1842.5,1860.5,1814.5,1698.5,1523.5,1412.5,1332.5,1276,1192,1089.5,974,833,700,612,503,454,421.5,383,336,315,304.5,277.5,236.5
1,51,36,34.5,25,21,17,15,12,12,10,9,9,7,12,8,7,8,13,12,13,15,43.5,50,52,67,75.5,104,128,159,185,199.5,225,294,335.5,376.5,392,426,408,390,370.5,361,346.5,338,333,334,332,337,335.5,345,340,335.5,330,336.5,338,342,325,325.5,331,363,352,332,311.5,323,315,336.5,351,367,353,391,423.5,526,509,556.5,539.5,575,545.5,471,405,357.5,327,317,280,253,219.5,205.5,182,164,137,128,118,114,105,97,80,79.5,69
2,27.5,18,14,13,9,7,7,5,5,5,5,4,1.5,4,5,4,5,5,5,5,6,18,20,20,20,28,33.5,43.5,62.5,71,72.5,100.5,165.5,212.5,221,200,178.5,165,141,134.5,135,128,122,122,127.5,125,124,128,135,137,134.5,140,144,154,147,138,144,142,134,130,136,130,123,129,152,166.5,160,153,152,163,156.5,149.5,151,152.5,156.5,153.5,160,160,161,156,150,140,134,121.5,104,87,74,66,55,52,49,45,42,38,35,33
3,378,339,295,232,192.5,164,144.5,113,103,92.5,88,84,72,70,75,73,73,81,92,105,123.5,156,218.5,313,423.5,552.5,731.5,1080.5,1330,1348.5,1346.5,1789.5,2124.5,2103.5,2020.5,1751,1546.5,1402.5,1407,1444.5,1449.5,1402.5,1417,1460.5,1503.5,1542.5,1579,1607,1639.5,1671,1718,1739,1783,1902.5,1938.5,1966,1996,2089,2067.5,1831.5,1780,1728,1787.5,1673.5,1713,1704.5,1816,1771.5,1824,1952.5,2123,1979.5,1911,1969.5,2039,1906.5,1823,1851,1835,1648.5,1527,1479,1342,1180.5,1111,1064.5,921.5,778,735,730,691.5,613.5,597.5,592,566.5,497
4,39,26,20,16,13,11,8,7,7,7,5,5,5,5,4,4,5,5,5,5,7,28,40,48.5,58.5,65,93.5,124.5,145,165.5,175.5,203.5,282,387,342,268,245,231,225,218,223,213,209,216,213,210,217,222,219,231,229,236,238,275,255,250,262,277.5,265,239,230,231,223,223,229.5,242.5,256,264,273,327,337.5,312,315,323,325.5,312,307.5,306,281,258,241.5,234,213,203.5,170,152,134,113,104.5,98,88,81,73,62,56,52
5,27,21,18,14,12,11,8,7,6,6,6,5,5,5,5,5,5,5,6,7,7,20,25,30,30,36,52,72,85.5,98,110.5,148.5,179,239,229,201,197.5,198,193,181,181.5,188,190,191,191,196,193,196,195,193,190,189,186,180,176,167,155,153,151.5,150,149,151.5,153,161,171,172,187,203,197,202,208,218,224,219,208,214,207,195.5,183,167,151.5,145,132,121,102,94,81,72,62,58,52,48,49,41,38,34
6,179,155,130.5,102.5,87,72.5,62,52,46,42,40,35,33,31,33,32,31,32,34,43,53,80,88,119,151,187.5,276.5,401.5,580,633,576,718.5,946,1096.5,1084,979.5,880,840,809.5,828.5,805,808,809.5,827,856,881.5,894,904,935,969.5,967,986,1012.5,1107,1115,1093,1075,1136,1124.5,1009.5,992,956,962,948,964,948.5,1030.5,1053.5,1043.5,1065,1184.5,1108,1068,1083.5,1132,1072,1028.5,1012.5,974.5,880.5,829.5,798.5,753,657,601,580.5,510.5,401.5,380,381.5,357,314,297.5,291,271,237.5
7,104,87.5,75,65,55,46,41,37,31,28,27,23,22,21,21,20,23,20,24,31,53,77,111.5,138,200,266,384,500.5,687,661,663,774,1078.5,1253.5,1298,1167,1118,973,921.5,862,876.5,834,810,806,813,783,780,783.5,799,753.5,757,747.5,775.5,772,776,752.5,756.5,748.5,772.5,749.5,761.5,715,733,760.5,813.5,776.5,831,867.5,870.5,822,859.5,890.5,902,862,871,840,819,778,732,668,660,599.5,577.5,519.5,451.5,397.5,348.5,302,267,246,226.5,204,187,173.5,164.5,143
8,161,139,113.5,95,77,66,60,49,44,41,40,36,35,34,30,37,39,35,44,59,95.5,131.5,203,247,354,443.5,633.5,830,1098.5,1054,1136,1200.5,1543.5,1641.5,1600.5,1569,1566.5,1476.5,1408.5,1360.5,1389,1328.5,1312,1309,1333,1268.5,1279,1269,1294,1244,1253,1248.5,1269.5,1267.5,1311.5,1265.5,1267,1236,1320,1287,1304.5,1219.5,1266,1315.5,1390.5,1315,1418,1434,1443,1383.5,1459,1433,1414,1356,1380.5,1366,1341,1248,1202.5,1134.5,1124.5,1032,977.5,877.5,756,648.5,576,502,450.5,410,395,338,303,281,264,223.5
9,116,92,79.5,69,54,49,44,38,31,28,27,25,21,22,21,21.5,19,21,21,26,27,50,60,78,107.5,137,191,300,403,449,469,565.5,701,945,1147.5,1133.5,1084,983,930,920,921,871.5,846.5,862,887.5,845,847.5,871,882.5,836,847,839.5,871,863,869,846,866,855.5,891,874,897,823.5,813.5,873.5,924,908,957,1002,1033,1002,1093,1104,1147.5,1128.5,1138,1113,1025.5,913.5,830.5,764,731.5,675.5,625,560.5,483,419.5,359,294,273.5,250.5,233,207,193,188,169,153
10,83.5,67,56,49,40,36,33,29,24,22,19,17,16,16,16,16,16,15,16,21,33,60,84,101,140,189,280,408,591.5,591,582,627.5,916,1038,1085,976.5,909,800,748,717.5,725,689,664,660.5,667.5,647,643,637.5,649.5,610,613,611,633.5,619,628.5,610.5,618,602.5,630,611.5,615,583,604.5,625,660.5,629,669.5,699,699.5,673,683.5,718.5,711.5,693,694.5,670,644,616,583,535,533,489.5,458.5,409,350.5,306.5,267,238.5,205,187,182,161.5,146.5,134,132,112.5
11,72,55,43,37,31,27,22,19,16,15,16,14,12,12,12,13,12,14,16,24.5,25,49.5,67,91,125.5,166.5,222.5,353.5,478,392,464,678.5,807,764.5,700,619.5,547.5,475,467,456,455,432,437,438,437,429,435,446,450,428,445,448.5,454,467.5,485,471.5,462,464.5,458,434.5,436,418,425,429.5,444,439.5,458,473,493,475,497.5,494,494,500.5,512.5,498,491.5,472,475.5,435.5,414.5,373.5,340,311,270.5,248.5,218.5,191,176.5,171,158,145,136.5,121,110,98
12,222.5,201,167,135,113,97,81.5,69,60.5,58,52,44,42.5,40,43,44,43,45,52,70,79,116,127.5,186,235.5,302.5,398.5,601.5,767,820.5,778.5,1039.5,1259,1317,1259,1082.5,993.5,939.5,962.5,978,953,939.5,973,995.5,1018.5,1049,1078,1100,1115,1137.5,1169,1180,1211.5,1300,1326,1283.5,1246,1270.5,1291.5,1127,1124.5,1107,1100.5,1060,1083.5,1098,1130,1141,1181,1164,1250,1206,1203.5,1229,1235,1176.5,1144,1172,1148,1028,947,929.5,883.5,780.5,729.5,721.5,638,509.5,454,472,449.5,390,366,360.5,342,310
13,191,157.5,132,113,94,80,68.5,62,54,49,49,42,43,39.5,38,47,49,45,61.5,77,122.5,170.5,253,319,422.5,543,688,904,1140,1102.5,1147,1262,1546,1653,1651,1623,1579.5,1480.5,1435.5,1399,1402.5,1364,1357.5,1361.5,1374,1328,1344,1332.5,1355,1315,1338,1327,1353.5,1391,1416,1368.5,1373.5,1494,1513,1423,1402,1398.5,1437.5,1456.5,1483,1461,1586,1604.5,1608.5,1604,1767.5,1744.5,1673,1635,1672,1582,1526.5,1423.5,1347,1229.5,1227,1131,1076.5,944,824,802,675,575,505,483,447,378.5,335,321,295,255.5
14,87.5,69,58,49,41,36,32,28,24,21,20,17,16,16,16,16,16,15,16,20,32,58,81,91,135.5,170,256,374,558.5,574.5,583,600,866,986,1050,945.5,884,773.5,723,692,713,679.5,652,648,662.5,641,647,646,648.5,611.5,617.5,607,635,622.5,628,600.5,601.5,586,600.5,590,589.5,559,578,601,634,606,647,689,691,650,661.5,693.5,692,678.5,681,655.5,627,594.5,559.5,528,520,477.5,454,405,351,305,271,232,204,189.5,183,166,149,137,137,118
16,282,252.5,219,174.5,146,126.5,111.5,90.5,84,77,76,69,62,64,70,63,64,71,84,91,101,122.5,166,237,325,415,592,893.5,1011,991,1149.5,1419.5,1522,1461.5,1441,1381,1345,1220,1197.5,1214,1207.5,1156,1157,1190,1231,1242,1254,1273,1321.5,1340,1356,1377.5,1458.5,1534.5,1537.5,1544,1577,1610.5,1528.5,1449.5,1430,1379,1361,1341,1402.5,1384,1410,1408,1483,1493,1478.5,1452.5,1513.5,1526,1520,1447.5,1445,1414,1379,1306.5,1286,1275,1149.5,1063.5,936.5,823,742,624.5,579,546,505.5,457,445,434.5,406,373
17,331.5,298,258.5,214,180.5,155.5,138,116.5,102.5,94,95.5,86,79,79,83,78,76,84,100.5,109,121,137.5,187,248,320.5,398.5,532.5,763,877.5,920,1039.5,1351.5,1561,1495,1480,1453.5,1407,1286.5,1251.5,1266,1283.5,1232.5,1238,1277.5,1317.5,1327,1338,1379.5,1409,1412,1433,1463,1514.5,1584,1614.5,1641.5,1660,1677.5,1598,1494,1487,1444,1425,1382.5,1447,1435,1473,1482.5,1517.5,1553,1552.5,1516,1561,1600.5,1605,1524,1535,1480,1435.5,1338.5,1293,1282,1181,1091,972,863,777,694,637,604,563.5,520.5,496.5,492,462,430
18,234,201,169.5,147,120.5,104.5,93,81,72,67,62,59,55,51,49,53,55,61,73,89.5,122.5,153.5,231,327,404,436.5,597.5,841.5,1096,1064.5,1092,1275,1490.5,1556,1502,1485,1459,1391,1308,1278,1312.5,1260,1230.5,1250.5,1281.5,1234,1250.5,1247.5,1258.5,1216.5,1228,1228.5,1260.5,1264.5,1290.5,1246,1231,1205,1244,1179.5,1205,1150.5,1165,1175.5,1211,1195,1217.5,1228,1272,1275.5,1266.5,1240.5,1260,1256,1257.5,1244,1243.5,1183,1160,1131.5,1140.5,1051,1025.5,944,844.5,764,719,607.5,558.5,489,468,430.5,397.5,355.5,347,307.5
19,77,67,53,47.5,36,30.5,25,21,16,16,14,12,10.5,9,9,9,8,12,12,13,16,27,28,37,48,61,76.5,110,153,186.5,212.5,242,296,351.5,396,375,361,374,361,350,344,350,358.5,361.5,370.5,375.5,379,386.5,388,393,379.5,395.5,394.5,423.5,389.5,383.5,370,403,362,343,338,356,335,343,345,368,359,359,351,393,383,372.5,364.5,386.5,385,374,359.5,364.5,333.5,321.5,305,308.5,279.5,256.5,234,209.5,184,161.5,147,140,131,127,125.5,123,120.5,110.5
20,36,29,25,19,16,13,12,11,9,9,8,7,7,7,7,6,5,6,7,11,12,23,27,33.5,38,47,53.5,70,86.5,104,101,140.5,172,241,238,245.5,206,199,197,202,192,186,189,193,204,206,201,208,209.5,218,215,218,223,242,241,231,221,219,198,187,185,183,175,176,184.5,200.5,201,201,206.5,228,237,224,212.5,227,225,219,208.5,208,195,186,178,175,161,151,132,118,97,88,79.5,76.5,68,65,60,60.5,53,48
21,75,58,49,40,32,27,24,20,18,16,14,13,12,11,11,9,10,12,13,15,14,40,47,63,72,80,97,136.5,156,170.5,195,248.5,344,469.5,530,429.5,392.5,377,358.5,360,353.5,359,346.5,358,360,367,355.5,364.5,364,352,350,357,361.5,362.5,360,354,342,331,341,344,345,335.5,357,354.5,382.5,381.5,416,386.5,368,385,404.5,388,379.5,385,370.5,366.5,346.5,336.5,304,290,282,273.5,250.5,229,206,186.5,168,145.5,137,130,126.5,123,119,116,107,100
22,71,53,45,36,30.5,27,24,20,17,16,15,13,12,12,12,11,9,11,12,16,20,40,50,62,69,90,110.5,154,224,280,257.5,319.5,425.5,571,660,651,562,516,498,474,469.5,460,452,439,451.5,459.5,449,452.5,460,452.5,446,461,461,474.5,460,471,436,455,434,433,427,422,435,441.5,461,483,528.5,520,506,553.5,548,536.5,522,549,534.5,519.5,507,484,451,412,393.5,370,339.5,307,261.5,236,206.5,178.5,156,153,145,133,124,116,108,102
23,124,105.5,97,82,72,63,60,54,51,48,45,45,44,43,43,44,40,45,45,45,46.5,60,71,85,96.5,107.5,141.5,180.5,232.5,270,308.5,354,520.5,752,748,672.5,604,602.5,568,554,560,553.5,546,564.5,576.5,585.5,581,590.5,588,604,592,596.5,612,653,640,637.5,624,631,624,597,620,578.5,591,588,617,610,644,636.5,616,629,684,662,644.5,672.5,654,620,620,588,554,521,500,488,442,401,350,306,285,244,229,219.5,208,200,192,189,175,169.5
24,26,17,13,11,7,7,5,5,5,5,4,2,2,0,0,0,0,0,0,0,4,19,20,20,27,30,35,43.5,56.5,57,63,91.5,151,173,152,123,109,103,96,93,91,86.5,88,91,95,93,97,99,104,103,103,106,109,116,110,112.5,115,119,110,103,105.5,108,108,101,106,122,129,119.5,117,127,130,128,121,121,116,122,125,122,119,110,107,103,95,86,81,73,62,59,56,54,49,47,43,40,36,35
25,39,31,24,19,15,13,9,7,7,6,6,5,5,5,5,5,5,5,5,5,7,20,22,24.5,30,38,46.5,66,87,89.5,110,143,194,253,233,192.5,178,164,158,152,151.5,147.5,144,149,157,159,157,160,171,171.5,169,175,188,197,191.5,189,191.5,203,191.5,178,187,181,179,173,192.5,206,207.5,196,191,208,209,201,205,207.5,202.5,206,214,213,204,190,185,174,159,143,130,115,101,87,83,78,71,66,63,60,58,53
26,29,21,16,13,9,7,7,6,5,5,5,5,4,2,2.5,4,3.5,2,4,4,5,20,20,20,27,30,36,48,62,61,69.5,104,174,204.5,183,146,125.5,117,111,107,106,100,99,103,106,105.5,108,112,114,114,115,119,124,132,125.5,123,126,130,123,114,115,117,119,115,123,138,161.5,136.5,130,142,145,142.5,136,135.5,133,137,137.5,136,131,123.5,123.5,113.5,107.5,96,91,82,69,66,60,59,52,51,47,44,40.5,38
27,22,14,12,9,7,6,5,5,5,4,5,2,1,0,0,0,0,4,4,4,4,20,20,20,20.5,30,34,40,48.5,57,69,83,110,125,159,122,117.5,114,111,104,100.5,104,103.5,103,104,108,113,113,111.5,113,118,117,119,133,121.5,121,114,127,109,109,106,108,109,110,116,123,154,127.5,117,132,143,139,126,137.5,132.5,140,129,135,125,116.5,101,101,94,81,71,69,55,50,46,46,42,39,39,33,33,31
28,89,74,59,52,42,39,31,31,27,22,22.5,21,17,15,18,23,18,20,24,29.5,35,74.5,83,102.5,139,191,250.5,367,459,455,510.5,656,796,864.5,876,889.5,873,820,794,793,792.5,756,745,756,769,735,727,730,738.5,702.5,702,701.5,733,718,730,708.5,702.5,681.5,723.5,717,702,644.5,673.5,727.5,747,725.5,757.5,828.5,866,821.5,801,866,907,923,909,892,851,768.5,706,690,669.5,621.5,573.5,501,434,354.5,316,248,222,208,190,164,154,146,128,119
29,118.5,100,81,67,57,51,40,41,33,29,29,27,23,19,23,29,22,25,30,36,40.5,86.5,97.5,116,159.5,223.5,290.5,446,564,575.5,637.5,790.5,1021.5,1187.5,1274,1294,1236,1153,1112,1099.5,1109,1051,1034,1054,1075,1025.5,1029,1050,1064,1023,1019.5,1036,1063.5,1045.5,1053.5,1016,1019.5,1006.5,1025.5,1007,1008.5,940,950,998,1045.5,1041.5,1116,1123.5,1209,1224.5,1185,1184.5,1229,1255.5,1282,1252,1211.5,1137,1066.5,1019,996,934,863.5,767,674,566,445,348.5,312,294,259,216.5,204,196,169,155
30,129,105,88,74,61,56,46,42.5,36,31.5,30.5,29,24,21,25,28,22,27,31,34,37.5,80,90,109.5,148,207.5,288,444,539,569.5,627,782,1025.5,1213,1297.5,1295,1230.5,1158,1101,1096,1100.5,1028.5,1023.5,1048.5,1051.5,1007.5,1004.5,1016,1041.5,983,985,996,1017,1002,1010,983,977,990.5,1006,989,999,934,940,1020,1063,1034.5,1115,1144.5,1158.5,1184.5,1225,1186,1192,1206.5,1210.5,1186,1136.5,1046.5,981,945,908.5,856.5,809,712,624.5,535.5,447,357.5,318,306,269.5,232,218,213,184.5,166
31,151,121.5,110,88,70,63,55,50,43,37,36,33,29,29,29.5,30,25.5,31,37,47.5,71.5,108,134,180,280.5,348.5,464,662,838.5,878.5,908.5,1149,1589.5,1765,1840,1780,1718.5,1578,1473,1450,1451,1357,1322.5,1340,1375,1311,1305,1311,1348.5,1270,1277,1276,1317,1310,1334,1290,1289.5,1272,1322,1316,1326.5,1214,1226.5,1330.5,1418.5,1373.5,1483.5,1540.5,1569.5,1560,1671.5,1669.5,1701,1699,1678,1650.5,1575,1428,1309,1236,1179.5,1105.5,1029.5,887.5,755.5,640,549.5,438,392.5,365.5,332,287,265.5,253,234,203.5
32,203,161,141,111.5,100,80,70,61,54,50,43,42,34,36,35,34,38,33,51,45,69,80,126.5,156.5,269,395.5,547.5,672.5,778.5,966.5,1298.5,1509,1528,1431.5,1315.5,1154.5,1056.5,931,890.5,884.5,898,869,872,889,910,925,929.5,951.5,968,979.5,991,997.5,1016,1072.5,1072,1048.5,1002.5,1003.5,1013.5,936,917.5,888.5,888,890.5,930.5,940,991,977.5,998,1000,1039,1005,1033,1046,1102,1092,1062,1043,1017.5,967,900.5,856,812.5,753,678,599,523,450.5,407.5,391,368.5,349,328,310,302,270
33,216.5,175,151.5,117,102,86,74,65,55,51,43,45.5,35,35,35,33,37,34,50,44,60.5,87.5,120,143,212,303,463.5,709.5,820,867.5,1221,1559,1639.5,1537,1398,1217.5,1104.5,981,967.5,955,975.5,957,961.5,974,999.5,1030.5,1033,1049,1069,1085.5,1103,1105.5,1133,1185.5,1201,1196,1152,1142,1114,1015.5,1035.5,1025,1021.5,1000,1052.5,1051,1129,1126.5,1148.5,1114,1199,1161.5,1182.5,1190.5,1241.5,1224,1197,1176.5,1155.5,1084,1014,946,894,826,745,686.5,594.5,490.5,444.5,428,416.5,384,356.5,337,323.5,291.5
34,24,16,12.5,9,7,6,5,5,5,4,5,4,0,0,3,5,3,3,4,5,5,20,20,20,20,31,36,52,59.5,76,86,127,152,176.5,225,186,155.5,136,127,129,122,119,113,119,118,118,118,121,120,119,122,132,128,143,137,135.5,128,147,134,130,126,131.5,127,140,142,151,155.5,163,150.5,156,164,155,146,154,148.5,146,142,146.5,140,133,122,118.5,108,92,81,76,64,55,49,46,44,41,40,35,33,30
35,13,7,6,5,5,5,3,1.5,1,0,0,0,0,0,0,0,5,0,1,4,7,20,20,20,22,32,36,42,45,64,66.5,75,86,117,169,196,196,176,192,209.5,220,227,236,252,262,275,286,303,307,311,322,327,323,318,299,282,266.5,272,238,223,223,241.5,216,207,223,257,244.5,232,260,286,281,273,298,319,319,313,338,341,334,321,316,301,273.5,240,215,190.5,72,50.5,48,45.5,35,31,29,24.5,19.5,18
36,58,42,36,28,22,21,15,14,12,11,9.5,10,9,11,13,13,26,28,20,26,40,60,68,70.5,98.5,117.5,137,188,240,248,284,368.5,561,624.5,673,639.5,588,526.5,504,472,482,469,466,457,470.5,468,476,477.5,482.5,485,469,474,499,500,486,466.5,471,473,447,440,465,439.5,429,454.5,515,529,552,537.5,541,543.5,532,538,535,542,541,537.5,535.5,509,491.5,451.5,444.5,405,375.5,326,270,218.5,184,160,148,131,119,107,103,88,83,75
37,33,23,18,14,12.5,12,7.5,7,7,6,5,5,5,5,5,5,5,5,5,5,5,20,20,20,25,36,40,47,65,75,87,122.5,142,180,188.5,181.5,169,163,151.5,154.5,152.5,155.5,156,164,171,178.5,175,186,189.5,200,196,199.5,202,210,190,179,169,185,164.5,152,147,146,149,152,161,164.5,183,192,193,192,214,204,189.5,195,196,187,185,198.5,181,175,167,161,142,134,119.5,116,103,89,82,78,71,65,63,56,50.5,45.5
38,20,13,11,7,7,6,5,5,5,5,4,2,2.5,1,0,0,1,0,4,5,5,20,20,20,22,36.5,43,59.5,79,98.5,105,135.5,180,233,240,217,214.5,194,171.5,164,171,160,154,157,156,152,151,154,155,150.5,149.5,151,147,144.5,148,138,134,130.5,131.5,130,137,132,133,140,154,151,154,159.5,170,156,158,162,161,159,156,152,146,145.5,138,125,120,116.5,109,96,86,78,65,57.5,51,47,44,42,38,31,29,25
39,34,25,18,15.5,12,10,8,7,7,6,5,5,5,5,5,5,7,5.5,11,6,9,37.5,48,48,53,70,80,110.5,138.5,143.5,155,204,296,348,396.5,320,280.5,256.5,231.5,220,223.5,211,211,208,215,215,214,212,215,221,223,218.5,217.5,232,233,217.5,217.5,217,208.5,187,192,196,189,184.5,202,219,223,218,222.5,235.5,239.5,224.5,219,230,228,224.5,221,214.5,208,196,192,181,174,158,140,127,109,100,89,85,77,74,67.5,55.5,50,49
40,32,24,20,18,14,12,11,9.5,7,7,7,6,5.5,5,5,5,5,6,7,6,7,20,25,25,32.5,42.5,52,72,89,97.5,113,158,227.5,297.5,388,323,313,307.5,267,250.5,252,245,240,234,241.5,237,238.5,235,235,229,232,228,229,243,235,219,210,217.5,215,199,208,201,215.5,210.5,241,247,285.5,302,305,297,313,324.5,323,316.5,317,295,278.5,258.5,244.5,218.5,210,196.5,182,158,137,123,103,84,75,75,70.5,58,56,53,51,44.5
41,64.5,45,36.5,30,24,19,16.5,12,12,13,12,7,7,7,7,7,7,7,7,8,10,31.5,40,43,48,64,80,92.5,114,131,156,188.5,251,361.5,327,302.5,247.5,235,229,232,222,221,216,221,231.5,238,240,240,247.5,256,263,258,277,302.5,310.5,307,304,302,283,272.5,270,272.5,238.5,246,279,303,286,283,292,315,320,294.5,284.5,297.5,299,292,284,286.5,277,269,265.5,265,247.5,235,202,183,164,143,130.5,127,121,114.5,106.5,96,93,86.5
42,62,50,43,35,30,26,24,21,18,17,16,15,14,15,13.5,13,13,14,15,21,25,35.5,41.5,52,67,86.5,125,183,261,297,315.5,338,456,549,668,589.5,563.5,533,476.5,443,444.5,431,411,404.5,417.5,412,404.5,408,420.5,397.5,407,402,405,414,418,404,398,397,401,382.5,400.5,388,395.5,406.5,444,447,473,491,505.5,489,480,485,496.5,474.5,474.5,472,465,436.5,416.5,392.5,370,338.5,325.5,299,265,225.5,198.5,174,148,142,138,116,107,99.5,93.5,87
43,73,63,52,38,30,24,21,16,13,11,11,9,7,8,8,7,8,8,11,13,16,27,37,58,88,118.5,174,305.5,345.5,346.5,360.5,496.5,555.5,543,491,491.5,437,412,410,425,417.5,405.5,405,422.5,444,455,463,475.5,488.5,502.5,499,510.5,523,583.5,575,591.5,593.5,624,598.5,556.5,540.5,527.5,529,516.5,532.5,527,537.5,547,549.5,596.5,579,546.5,540,569.5,556,523,503,511,488.5,446.5,420.5,427.5,380,342.5,300,261,226,186.5,173,165,149,131,129,127.5,116,100
44,40,29.5,24,23,19,16,15,14,12,11,11,8,9,8,8,7,9,7.5,9,10,14,23,23,25,33,40,55.5,71.5,95,118.5,117,137,156.5,175.5,176.5,167,156,150,146,137.5,126,129,131,129,133,138,136,142,140,142,148,153,152,165,169.5,177.5,164,173,171.5,159,145,146,144,135,140,150,150.5,153,162,182,185.5,177,179.5,184,182.5,178,176.5,170,162.5,155,146,134,129,120,108,98,89,74.5,69,64.5,65.5,58,56,52.5,50,50
45,31,24,21,16,14,14,12,11,9,8,7,7,7,7,7,6,7,7,8,11,13,25,29,34,38,50,59.5,77,106,135,146.5,164,188.5,255.5,275.5,249,252.5,255,252.5,234,238,241,242,238,249,254,254,258,257,256,248.5,249,245,235,217,197,194.5,187.5,178,170.5,180,179,179.5,186,200.5,201,213.5,225,228,226,233,237,243,237.5,233,234,227,220,209,198.5,177,163,151,136,122.5,111,93.5,85,81,70,63,59,55,48,41,40
46,237,220.5,184,149,122,102.5,89.5,70,65.5,60,58,55,47,47,52,48,45.5,52,61,68.5,76,100,133,182.5,256.5,318,412,647.5,752,718.5,786.5,1047,1073.5,1057.5,1001,1006,902.5,839,845.5,871,860.5,841,865.5,892.5,927.5,964,974.5,1006.5,1034.5,1064.5,1077,1094,1119.5,1232,1254,1265,1280.5,1339,1332,1180.5,1128,1106,1127.5,1069,1081,1085,1139,1111,1137.5,1247.5,1301.5,1202,1184,1259,1288,1191.5,1122,1131.5,1087,977,909,914.5,835,725,671,629.5,551.5,468,439,436,407,366,356,366,343,304
47,72,57.5,48,40.5,33,31,27.5,25,22,19,20,17.5,16,15,17,16,19,17,18,21,26,36,41,55,68.5,89.5,127.5,194,237,280.5,295.5,366,417.5,440.5,410,375.5,374,366,350,341,348,345,352,357,369,370,376.5,376,378,380,391.5,403,401.5,424,395,372,356,370,340.5,322,316,314,321,329,348.5,352,371,380,392,403,415.5,409.5,412,419,413,410,405,411.5,401,374.5,348.5,327,309,267.5,239.5,220.5,193.5,167,151,153,142,123,120.5,114,107,94
48,103,83,74,68,61,55,47,40.5,37,40.5,40,34,39,39,36,35.5,37.5,35,40.5,39,45,75,87.5,95,134,178.5,221.5,319.5,391.5,409,395.5,533,671.5,684.5,585,482,452,433.5,423,404.5,404,389.5,404,402.5,415,428,435,435,433.5,444,457,460.5,467,512,504,489,466.5,474,472.5,430,407,399,400,394,401.5,406,430.5,460,453,467.5,477,488,467,480,476,493,470.5,486,489,462,430,412.5,379,351.5,324,299.5,253,227.5,211,199.5,180,160,156.5,143,138,128
49,71,60,54,48,45,44.5,40,38,34,33,34,33,34,36,34,40,48,46,40,53,60,74.5,96,118.5,180,195,256,354,442,442.5,476.5,584,820,856,929.5,927.5,857,728,659,628,640,616.5,592.5,572,596,579.5,590,586,605,584,596,604,617,608.5,628,601,616,580,578.5,584,641.5,549.5,565.5,629.5,732,636,626.5,615,636,617.5,596,580,604.5,596,600.5,588,600,564,552.5,514.5,516.5,452,414.5,361.5,300,249,216,191.5,180,150,137.5,120,117,102,99,86.5
50,27,23,20,20,17,16,15,15,15,15,15,15,15,15,15,15,15,15,15,15,15,17,20,24,25,28,35.5,45.5,60,74.5,79,94.5,132,192.5,173,163,160,156,155,145,144,144,144,146.5,148,151,152,154.5,153.5,157,163,163.5,163,175,176,167,164,171.5,176.5,155,152,145,144.5,140,156,157,166,168,176,201,224.5,203,208,208.5,212,204,205,188,168,155,150.5,145,130.5,120,106,97,87,75,65,59,53.5,48,44,40,38,35
51,171.5,136.5,114.5,94,78,65,58,49,42.5,39,36,34,33,30,28,30,36,39,54.5,76.5,105.5,160,262,363.5,434.5,446.5,597,880,1153,1116,1147.5,1176,1454.5,1525,1550.5,1442,1415,1325,1243.5,1197.5,1223,1146,1115,1125.5,1157,1088.5,1087,1092,1104.5,1051,1068,1069,1090.5,1089,1134.5,1091,1121,1063.5,1130,1084.5,1118.5,1022.5,1059,1081.5,1173,1085.5,1099,1154,1193,1109.5,1121,1149,1178,1139,1152.5,1148.5,1147.5,1046.5,1052.5,1008.5,1011.5,906,882,793.5,698.5,600,568.5,476.5,429.5,373,358.5,318.5,294.5,252,239,210.5
52,86,64.5,55,44,36,29,27,24,21,18,16.5,16,16,13,13,12,12.5,12,14,16,18,40,43.5,50,70,94.5,115,141.5,164,181,234.5,291,328,380,403,386.5,384,367.5,361,351,360,358,361.5,369,386.5,388,388,405.5,404,415,422,426.5,436,450,438.5,428,417,406.5,392,364.5,368.5,348,351,347.5,373.5,377,399,410,437.5,412,421,432.5,436,435,439.5,442,434.5,430,422.5,403,384.5,374,345.5,327,293,268.5,231.5,202.5,184.5,174,161.5,149,145,139,130,120.5
53,39,35,35,26,22,20,18,16,14,13,13,12,11,16,10,9,10,15,12,16,16,28.5,34,42,52,56,70.5,93,118,114.5,141.5,158,189,213,262.5,252.5,272,257,247.5,240.5,241,238,232.5,231,237,234,239,234,237,230,227,220,222,211,214.5,203,194,184,184,181,177,174,180,185,199,194,202,210,215.5,207.5,208,206,207,204.5,203,199,196,192,186.5,174.5,173,165,153.5,141,130.5,116,108,94,88,82.5,75,67,62,64,61,51.5
54,26,22,20,20,17,16,15,15,15,15,15,15,15,15,15,15,15,15,15,16,18,23,24,30,36.5,44,48,62.5,76,88,97.5,124,145,174,202,217,200,204,192,188,183.5,188,184,188,189.5,194,196,196,200,204,200,204,212,228,212.5,215.5,210.5,256,217,212.5,204,220,204,205,220,281,248.5,246,240,271,260,288,250,252,236,219,201.5,224,177,152,148,146,124,112,104,95,75.5,67,61,57,47,44,40,39,32,31
55,109,92.5,83,76,70,58,48,46,42,37,36.5,33,29.5,27,28,29,27,27,26.5,33,35,60,62,69,79.5,105.5,131,163.5,198,230,277,297,383.5,428.5,430,428,422,412,391,372,374.5,370.5,367.5,376,383,384,389,387,388,388,381,377,383.5,386,379,367.5,358.5,349,335.5,327,333.5,326,318.5,328,341,356.5,345,352,352,362,353.5,348.5,348.5,350,354,343.5,352,345,347,335,328.5,319.5,316,303,282,254,240,220,205,187.5,174,160,159,153,142.5,141.5
